MasterID,AccountID,Account,Email domain,Acronym,[Bonus] Confidence score
,322111,3F - UNITED FEDERATION OF DANISH WORKERS,@3f.dk,,
,411480,3F - UNITED FEDERATION OF WORKERS IN DENMARK,@3f.dk,,
,493788,"A.I.S.E. - EUROPEAN FEDERATION FOR SOAPS, DETERGENTS AND HOUSEHOLD MAINTENANCE PRODUCTS",@aise.eu,,
,511603,"A.I.S.E. - EUROPEAN FEDERATION FOR SOAPS, DETERGENTS AND MAINTENANCE PRODUCTS",@aise.eu,,
,71936,AGORIA - BELGIAN FEDERATION FOR THE TECHNOLOGY INDUSTRY,,AGORIA,
,437789,AGRICULTURAL FEDERATION OF THE AZORES,@faa.pt,,
,491453,AGRICULTURAL INDUSTRIES CONFEDERATION LTD,@agindustries.org.uk,AIC,
,82089,AMBASSADE DE LA FEDERATION DE RUSSIE AU ROYAUME DE BELGIQUE,@slynet.be,,
,222947,AMERICAN FEDERATION OF TEACHERS,,,
,67108,AMERICAN HUNGARIAN FEDERATION,@americanhungarianfederation.org,,
,336783,ANIE FEDERATION,@anie.it,,
,367289,ARCHERY FEDERATION,,,
,483680,AUSTRIAN FEDERATION OF SOCIAL INSURANCES,@sozialversicherung.at,,
,77199,AVIATION ENVIRONMENT FEDERATION,@aef.org.uk,AEF,
,380297,BANKING & PAYMENTS FEDERATION IRELAND - BRUSSELS,@bpfi.ie,BPFI,
,374301,BANKING AND PAYMENTS FEDERATION OF IRELAND,@bpfi.ie,BPFI,
,406603,BDI - FEDERATION OF GERMAN INDUSTRIES,@bdi.eu,,
,333613,BDI THE FEDERATION OF GERMAN INDUSTRIES,@bdi.eu,,
,316396,BDI/BDA GERMAN BUSINESS FEDERATION,@bdi.eu,,
,317989,BELGIAN CONFEDERATION OF THE DAIRY INDUSTRY,@bcz-cbl.be,BCZ-CBL,
,382867,BELGIAN CONFEDERATION OF THE DAIRY INDUSTRY (BCZ-CBL),@bcz-cbl.be,,
,499288,BELGIAN FEDERATION OF FOOD BANKS,,,
,73325,BELGIAN PETROLEUM FEDERATION,@petrolfed.be,BPF,
,411386,BETTER FINANCE - THE EUROPEAN FEDERATION OF INVESTORS AND FINANCIAL SERVICES USERS,@betterfinance.eu,,
,446631,BIODYNAMIC FEDERATION - DEMETER INTERNATIONAL,@demeter.net,,
,486784,BIODYNAMIC FEDERATION - DEMETER INTERNATIONAL,,,
,169800,BRAZILIAN CONFEDERATION OF AGRICULTURE AND LIVESTOCK,,CNA,
,387263,BRITISH COATINGS FEDERATION,@bcf.co.uk,BCF,
,473564,BRITISH ENERGY EFFICIENCY EFFICIENCY FEDERATION,@beef-uk.org.uk,,
,528712,BRITISH ENERGY EFFICIENCY FEDERATION,@beef-uk.org.uk,,
,361918,BRITISH PROPERTY FEDERATION,@bpf.org.uk,BPF,
,138385,BRUSSELS DRUGS & ADDICTIONS FEDERATION (FEDITO BXL),@feditobxl.be,FEDITO,
,441741,BRUXELLES-WALLONIE FEDERATION,@cfwb.be,,
,70984,BULGARIAN SWIMMING FEDERATION,,,
,72695,BUREAU DES PRODUCTEURS D'ASSURANCE ET DE RÉASSURANCE/EUROPEAN FEDERATION OF INSURANCE INTERMEDIARIES,,BIPAR,
,433746,BUSINESS FEDERATION,@swedishenterprise.se,,
,274587,C.I.B.E. THE INTERNATIONAL CONFEDERATION OF EUROPEAN SUGAR BEET GROWERS,@cibe-europe.eu,,
,290571,CANADIAN FEDERATION OF INDEPENDENT BUSINESS,@cfib.ca,CFIB,
,430309,CANADIAN FEDERATION OF NURSES UNIONS,,,
,384292,CEDEC EUROPEAN FEDERATION OF LOCAL ENERGY COMPANIES,@cedec.com,,
,363081,CEOE (SPANISH CONFEDERATION OF EMPLOYERS),@ceoe.es,CEOE,
,380904,CEOE DELEGATION TO THE EU (CONFEDERATION OF EMPLOYERS AND INDUSTRIES OF SPAIN),@ceoe.es,CEOE,
,189519,CHAMBER OF COMMERCE OF THE RUSSIAN FEDERATION,@tpprf.ru,,
,484717,CHEMICAL INDUSTRY FEDERATION OF FINLAND,@kemianteollisuus.fi,,
,432027,CHEMICAL INDUSTRY FEDERATION OF FINLAND (KEMIANTEOLLISUUS),@kemianteollisuus.fi,,
,503065,CIP - CONFEDERATION OF PORTUGUESE BUSINESS,@cip.org.pt,,
,527705,CIP - PORTUGUESE BUSINESS CONFEDERATION,@cip.org.pt,,
,460174,CONCORDIA CONFEDERATION,@confederatia-concordia.ro,,
,562094,CONCORDIA EMPLOYERS CONFEDERATION,@confederatia-concordia.ro,,
,71507,CONFEDERATION CONSTRUCTION,,,
,201111,CONFÉDÉRATION DES PETITES ET MOYENNES ENTREPRISES,@cpme.fr,CPME,
,72808,CONFEDERATION EUROPEENNE,@sesi.org,,
,76213,CONFÉDÉRATION EUROPÉENNE DES CADRES,@cec-managers.org,CEC,
,241139,CONFÉDÉRATION EUROPÉENNE DES VIGNERONS INDÉPENDANTS,@cevi-eciw.eu,CEVI,
,188637,CONFEDERATION FISCALE EUROPEENNE,@cfe-eutax.org,CFE,
,401359,CONFÉDÉRATION FISCALE EUROPÉENNE,@taxadviserseurope.org,,
,151598,CONFÉDÉRATION FRANÇAISE DÉMOCRATIQUE DU TRAVAIL,,CFDT,
,146643,CONFÉDÉRATION GÉNÉRALE DU PATRONAT DES PETITES ET MOYENNES ENTREPRISES,@cgpme.fr,CGPME,
,151600,CONFÉDÉRATION GÉNÉRALE DU TRAVAIL,@cgt.fr,CGT,
,501000,CONFÉDÉRATION NATIONALE DU CRÉDIT MUTUEL,@creditmutuel.fr,,
,242048,CONFEDERATION OF BRITISH INDUSTRY,@cbi.org.uk,CBI,
,318010,CONFEDERATION OF BRITISH INDUSTRY LONDON,@cbi.org.uk,CBI,
,562910,CONFEDERATION OF CECH INDUSTRY,@spcr.cz,,
,562904,CONFEDERATION OF CZECH INDUSTRY,,,
,284786,CONFEDERATION OF DANISH EMPLOYERS,@da.dk,DA,
,382478,CONFEDERATION OF DANISH ENTERPRISE,@danskerhverv.dk,,
,158991,CONFEDERATION OF DANISH INDUSTRIES,,,
,315587,CONFEDERATION OF DANISH INDUSTRY,@di.dk,DI,
,557614,CONFEDERATION OF DANISH INDUSTRY,@di.dk,,
,214578,CONFEDERATION OF EMPLOYERS AND INDUSTRIES OF SPAIN,@ceoe.es,CEOE,
,382317,CONFEDERATION OF EMPLOYERS AND INDUSTRIES OF SPAIN (CEOE),@ceoe.es,,
,334382,CONFEDERATION OF EUROPEAN COMMUNITY CIGARETTE MANUFACTURERS,@ceccm.eu,CECCM,
,383977,CONFEDERATION OF EUROPEAN FOREST OWNERS,@cepf-eu.org,CEPF,
,510929,CONFEDERATION OF EUROPEAN FOREST OWNERS (CEPF),@cepf-eu.org,,
,225514,CONFEDERATION OF EUROPEAN PAPER INDUSTRIES,@cepi.org,CEPI,
,385202,CONFEDERATION OF EUROPEAN PAPER INDUSTRIES EUROPE,@cepi.org,CEPI,
,331637,CONFEDERATION OF EUROPEAN PEST CONTROL ASSOCIATIONS,@cepa-europe.org,,
,62719,CONFEDERATION OF EUROPEAN SECURITY SERVICES,@i-b-s.be,COESS,
,100033,CONFEDERATION OF EUROPEAN SENIOE EXPERT SERVICES AISBL,,CESES,
,409953,CONFEDERATION OF EUROPEAN SENIOR EXPERT SERVICES,@ceses.net,CESES,
,477561,CONFEDERATION OF EUROPEAN WASTE-TO-ENERGY PLANTS,@cewep.eu,CEWEP,
,76353,CONFEDERATION OF FAMILY ORGANISATIONS,,,
,439905,CONFEDERATION OF FINNISH INDUSTRIES,@ek.fi,EK,
,528562,CONFEDERATION OF FINNISH INDUSTRIES,@ek.fi,,
,429811,CONFEDERATION OF FINNISH INDUSTRIES EK,@ek.fi,,
,327477,CONFEDERATION OF GERMAN EMPLOYERS,@arbeitgeber.de,BDA,
,445437,CONFEDERATION OF GERMAN EMPLOYERS’ ASSOCIATIONS,@arbeitgeber.de,,
,510989,CONFEDERATION OF GERMAN TRADE UNIONS,@dgb.de,DGB,
,138833,CONFEDERATION OF IIDUSTRY CZECH REPUBLIC,,,
,71576,CONFEDERATION OF INDUSTRY,,,
,482357,CONFEDERATION OF INDUSTRY OF THE CZECH REPUBLIC,@spcr.cz,,
,72138,CONFEDERATION OF LATVIEN EMPLOYERS,,,
,69882,CONFEDERATION OF NETHERLANDS INDUSTRY AND EMPLOYERS,@vno-ncw.nl,,
,415874,CONFEDERATION OF NETHERLANDS INDUSTRY AND EMPLOYERS,@vnoncw-mkb.nl,,
,59414,CONFEDERATION OF NETHERLANDS INDUSTRY AND EMPLOYERS,@von.com,VNO-NCW,
,551914,CONFEDERATION OF NETHERLANDS' INDUSTRY AND EMPLOYERS & ROYAL DUTCH ASSOCIATION OF SMALL AND MEDIUM-SIZED ENTERPRISES,,,
,495545,CONFEDERATION OF NORWEGIAN,@nho.no,NHO,
,431590,CONFEDERATION OF NORWEGIAN ENERPRISE (NHO),@nho.no,,
,322522,CONFEDERATION OF NORWEGIAN ENTERPRISE,@nho.no,NHO,
,557750,CONFEDERATION OF NORWEGIAN ENTERPRISE,@nho.no,,
,322256,CONFEDERATION OF NORWEGIAN ENTERPRISE,@norog.no,NHO,
,322272,CONFEDERATION OF NORWEGIAN ENTERPRISE,@norskindustri.no,NHO,
,558399,CONFEDERATION OF NORWEGIAN ENTERPRISE (NHO),@nho.no,,
,381312,CONFEDERATION OF NORWEGIAN INDUSTRY,@nho.no,,
,382771,CONFEDERATION OF ORGANISATIONS IN ROAD TRANSPORT ENFORCEMENT,@corte.be,CORTE,
,315426,CONFEDERATION OF ORGANISATIONS IN ROAD TRANSPORT ENFORCEMENT BELGIUM,@squaris.com,CORTE,
,510966,CONFEDERATION OF PAPER INDUSTRIES,@paper.org.uk,CPI,
,561321,CONFEDERATION OF PASSENGER TRANSPORT,,,
,484308,CONFEDERATION OF PORTUGUESE BUSINESS,@cip.org.pt,CIP,
,405843,CONFEDERATION OF SENIOR EXPERT SERVICES,@ceses.net,CESES,
,433987,CONFEDERATION OF SWEDISH CONSERVATIVE AND LIBERAL STUDENTS,@fmsf.se,,
,391465,CONFEDERATION OF SWEDISH ENTERPRISE,@svensktnaringsliv.se,,
,481330,CONFEDERATION OF SWEDISH ENTERPRISE,@swedishenterprise.se,,
,558487,CONFEDERATION OF SWEDISH ENTERPRISE,,,
,289951,CONFEDERATION OF SWEDISH ENTERPRISE - INTERNATIONAL SECRETARIAT,@swedishenterprise.se,,
,564682,CONFEDERATION OF SWEDISH ENTERPRISES,@swedishenterprise.se,,
,509035,CONFEDERATION OF SWEDISH TRANSPORT ENTERPRISES,@transportforetagen.se,,
,359548,CONFEDERATION OF THE EUROPEAN BICYCLE INDUSTRY,@conebi.eu,CONEBI,
,411037,CONFEDERATION OF THE EUROPEAN BICYCLE INDUSTRY - CONEBI,@conebi.eu,,
,71968,CONFEDERATION OF THE FOOD AND DRINK INDUSTRIES OF THE EU,,,
,479630,CONFEDERATION OF THE GERMAN TEXTILE AND FASHION INDUSTRY,@textil-mode.de,,
,361250,CONFEDERATION OF THE GERMAN TEXTILE AND FASHION INDUSTRY (TEXTIL+MODE),@textil-mode.de,,
,160098,CONFEDERATION OF TRADE UNIONS IN SLOVAKIA,@kozsr.sk,,
,69062,CONSTRUCTION CONFEDERATION,,,
,422211,COUNCIL OF THE EUROPEAN UNION / EUROPEAN PRESS FEDERATION,,,
,473068,CREATIVE INDUSTRIES FEDERATION,@creativeengland.co.uk,,
,245221,CREATIVE INDUSTRIES FEDERATION,@creativeindustriesfederation.com,,
,430319,CZECH CONFEDERATION OF COMMERCE AND TOURISM,@socr.cz,,
,382921,DANISH CONFEDERATION OF TRADE UNIONS,@lo.dk,,
,179682,DANISH MORTGAGE BANKS` FEDERATION,@realkreditforeningen.dk,,
,432580,DANISH TRADE UNION CONFEDERATION,@fho.dk,FHO,
,491832,DELEGATION OF THE EUROPEAN UNION TO THE RUSSIAN FEDERATION,@eeas.europa.eu,,
,554266,DEUTSCHE KRANKENHAUSGESELLSCHAFT E.V. (GERMAN HOSPITAL FEDERATION),@dkgev.de,,
,442069,DFK - GERMAN CONFEDERATION FOR EXPERTS & MANAGERS,@diplomats.com,,
,481192,DFK CONFEDERATION FOR EXPERTS & MANANGERS,@diplomats.com,,
,246859,DUTCH TRADE UNION FEDERATION FOR PROFESSIONALS,,VCP,
,510806,EAAP - THE EUROPEAN FEDERATION OF ANIMAL SCIENCE,@eaap.org,,
,182908,ECONOMIESUISSE - SWISS BUSINESS FEDERATION,@economiesuisse.ch,,
,382731,EFA - EUROPEAN FEDERATION OF ALLERGY AND AIRWAYS DISEASES PATIENTS' ASSOCIATIONS,@efanet.org,,
,108992,EMBASSY OF LITHUANIA IN RUSSIAN FEDERATION,,,
,64293,EMBASSY OF THE RUSSIAN FEDERATION,,,
,72238,EMPLOYERS AND INDUSTRIALISTS FEDERATION,@oeb.org.cy,,
,478584,EMPLOYERS' CONFEDERATION CONCORDIA,@confederatia-concordia.ro,,
,66232,EMPLOYERS'B CONFEDERATION,@lddk.lv,LDDK,
,407663,ESTONIAN EMPLOYERS CONFEDERATION,@employers.ee,,
,378499,ESTONIAN FARMERS’ FEDERATION,@taluliit.ee,,
,171006,ESTONIAN FEDERATION FOR THE BLIND,,,
,183171,EU OFFICE OF FINNISH TRADE UNION CONFEDERATIONS,@finunions.org,,
,205008,EU OFFICE OF THE FEDERATION OF FINNISH ENTERPRISES,@skal.fi,,
,328422,EUCOPE - THE EUROPEAN CONFEDERATION OF PHARMACEUTICAL ENTREPRENEURS,@eucope.org,,
,56461,EUCROF THE EUROPEAN CRO FEDERATION,@rpsweb.com,,
,481574,EURATEX- THE EUROPEAN APPAREL AND TEXTILE CONFEDERATION,@euratex.eu,EURATEX,
,56805,EUROPARC FEDERATION,@europarc.org,,
,198329,EUROPEAN - TURKISH BUSINESS CONFEDERATION,@unitee.eu,,
,96524,EUROPEAN - TURKISH BUSINESS CONFEDERATION,@unitee.eu,UNITEE,
,77015,EUROPEAN AEROSOL FEDERATION,@aerosol.org,FEA,
,442708,EUROPEAN AND INTERNATIONAL BOOKSELLERS FEDERATION,@europeanbooksellers.eu,EIBF,
,558775,EUROPEAN AND INTERNATIONAL BOOKSELLERS FEDERATION,,EIBF,
,473551,EUROPEAN APPAREL AND TEXTILE CONFEDERATION,@euratex.eu,,
,157321,EUROPEAN ARMENIAN FEDERATION,@eafjd.org,,
,96395,EUROPEAN ARMENIAN FEDERATION FOR JUSTICE AND DEMOCRACY,,,
,422375,EUROPEAN BANKING FEDERATION,@bf-fbe.eu,,
,245109,EUROPEAN BANKING FEDERATION,@coleurope.eu,,
,204857,EUROPEAN BANKING FEDERATION,@ebf.eu,EBF,
,522717,EUROPEAN BANKING FEDERATION,@ebf.eu,,
,321663,EUROPEAN BANKING FEDERATION,@ebf-fbe.eu,EBF,
,520620,EUROPEAN BANKING FEDERATION,,,
,280066,EUROPEAN BUILDERS CONFEDERATION,@ebc-construction.eu,EBC,
,382732,EUROPEAN BUILDERS CONFEDERATION EBC (EBC CONSTRUCTION) - EUROPE,@ebc-construction.eu,,
,76809,EUROPEAN CARAVAN FEDERATION,@e-c-f.com,ECF,
,53682,EUROPEAN COFFEE FEDERATION,@coffee-associations.org,ECF,
,324342,EUROPEAN COFFEE FEDERATION BRUSSELS,@ecf-coffee.org,ECF,
,76827,EUROPEAN CONFEDERATION OF ASSOCIATION OF SMES,,,
,250319,EUROPEAN CONFEDERATION OF DIRECTORS ASSOCIATIONS,,ECODA,
,315454,EUROPEAN CONFEDERATION OF DIRECTORS' ASSOCIATIONS,@ecoda.org,ECODA,
,437260,EUROPEAN CONFEDERATION OF INCLUSIVES ENTREPRISES,,,
,554244,EUROPEAN CONFEDERATION OF INDEPENDENT TRADE UNIONS,@cesi.org,CESI,
,379418,EUROPEAN CONFEDERATION OF INDEPENDENT TRADE UNIONS (CESI),@cesi.org,,
,421479,EUROPEAN CONFEDERATION OF INDEPENDENT WINEGROWERS,@cevi-eciw.eu,,
,195637,EUROPEAN CONFEDERATION OF JUNIOR ENTERPRISES,@jadenet.org,JADE,
,417977,EUROPEAN CONFEDERATION OF PAPER INDUSTRIES (CEPI),@cepi.org,,
,388096,EUROPEAN CONFEDERATION OF PHARMACEUTICAL ENTREPRENEURS (EUCOPE),@eucope.org,,
,69621,EUROPEAN CONFEDERATION OF POLICE,@eurocop-police.org,EUROCOP,
,107095,EUROPEAN CONFEDERATION OF PRIVATE EMPLOYMENT SERVICES,@ciett.org,EUROCIETT,
,440130,EUROPEAN CONFEDERATION OF THE FOOTWEAR INDUSTRY,@cec-footwearindustry.eu,CEC,
,243307,EUROPEAN CONFEDERATION OF THE LEATHER INDUSTRY,@euroleather.com,COTANCE,
,391785,EUROPEAN CONFEDERATION OF WOODWORKING INDUSTRIES,@cei-bois.org,CEI-BOIS,
,84322,EUROPEAN CONFEDERATION OF YOUTH CLUBS,@fcjmp.be,ECYC,
,211972,EUROPEAN CONSERVATION AGRICULTURE FEDERATION,@agriculturadeconservacion.org,,
,156506,EUROPEAN CONSERVATION AGRICULTURE FEDERATION,@ecaf.org,ECAF,
,384388,EUROPEAN CONSTRUCTION INDUSTRY FEDERATION,@fiec.eu,,
,482036,EUROPEAN CONTAINER GLASS FEDERATION,@feve.org,FEVE,
,497019,EUROPEAN CONTAINER GLASS FEDERATION,@feve.org,,
,434467,EUROPEAN CONTAINER GLASS FEDERATION FEVE,@feve.org,,
,271454,EUROPEAN CYCLING FEDERATION,,,
,228721,EUROPEAN CYCLISTS' FEDERATION,@ecf.com,ECF,
,422379,EUROPEAN CYCLISTS\\\\\\\\\\\\\\\' FEDERATION,@ecf.com,ECF,
,397267,EUROPEAN CYCLISTS’ FEDERATION,,,
,72796,EUROPEAN FEDERATION FOR COMPLEMENTARY AND ALTERNATIVE MEDICINE,@gn.apc.org,EFCAM,
,162126,EUROPEAN FEDERATION FOR FAMILY EMPLOYMENT,@fepem.fr,,
,76574,EUROPEAN FEDERATION FOR INTERCULTURAL LEARNING,@efil.be,EFIL,
,63281,EUROPEAN FEDERATION FOR RETIREMENT PROVISION,@efrp.eu,EFRP,
,444922,EUROPEAN FEDERATION FOR TRANSPORT AND ENVIRONMENT AISBL,@transportenvironment.org,,
,133505,EUROPEAN FEDERATION OF ACCOUNTANTS AND AUDITORS FOR SMES,@efaa.com,EFAA,
,104913,EUROPEAN FEDERATION OF AGENCIES AND REGIONS FOR ENERGY AND THE ENVIRONMENT,@fedarene.org,FEDARENE,
,336995,EUROPEAN FEDERATION OF AGENCIES AND REGIONS FOR ENERGY AND THE ENVIRONMENT (FEDARENE),@fedarene.org,,
,240722,EUROPEAN FEDERATION OF ALLERGIES AND AIRWAYS DISEASES,@efanet.org,,
,479901,EUROPEAN FEDERATION OF ALLERGY AND AIRWAYS DISEASES PATIENTS ASSOCIATIONS,@efanet.org,EFA,
,76860,EUROPEAN FEDERATION OF ANIMAL FEED ADDIT,,,
,76861,EUROPEAN FEDERATION OF ASSOCIATION OF HEALTH PR,@ehpm.be,,
,56918,EUROPEAN FEDERATION OF ASSOCIATION OF HEALTH PRODUCT MANUFACTURERS,@ehpm.be,EHPM,
,425909,EUROPEAN FEDERATION OF BOTTLED WATER,@efbw.org,EFBW,
,327870,EUROPEAN FEDERATION OF BOTTLED WATERS,@efbw.org,EFBW,
,117991,EUROPEAN FEDERATION OF BUILDING AND WOODWORKERS,@efbh.be,EFBWW,
,488850,EUROPEAN FEDERATION OF BUILDING SOCIETIES,@efbs-bausparkassen.org,EFBS,
,76863,EUROPEAN FEDERATION OF BUTTER PROCESSING,,,
,252286,EUROPEAN FEDERATION OF CHEMICAL DISTRIBUTORS,@fecc.org,FECC,
,53592,EUROPEAN FEDERATION OF CITY FARMS,@vgc.be,,
,417978,EUROPEAN FEDERATION OF COMMUNITIES,@santegidio.eu,,
,76865,EUROPEAN FEDERATION OF CONTRACT CATERING,,,
,431486,EUROPEAN FEDERATION OF CORRUGATED BOARD MANUFACTURERS,@fefco.org,FEFCO,
,326482,EUROPEAN FEDERATION OF ENERGY TRADERS,@efet.org,EFET,
,185975,EUROPEAN FEDERATION OF ENGINEERING CONSULTANCY ASSOCIATIONS,@efca.be,EFCA,
,221231,EUROPEAN FEDERATION OF ETHIC AND ALTERNATIVE BANKS,@febea.org,,
,76866,EUROPEAN FEDERATION OF FIBREBOARD MANUFACTURERS,@defra.gsi.gov.uk,,
,76571,EUROPEAN FEDERATION OF FINANCIAL EXECUTIVE,@effei.org,EFFEI,
,392403,"EUROPEAN FEDERATION OF FOOD, AGRICULTURE AND TOURISM TRADE UNIONS (EFFAT)",@effat.org,,
,482942,EUROPEAN FEDERATION OF GEOLOGISTS,@eurogeologists.eu,,
,56711,EUROPEAN FEDERATION OF GEOLOGISTS,@naturalsciences.be,EFG,
,76867,EUROPEAN FEDERATION OF GREEN PARTIES,@europarl.eu.int,EFGP,
,480872,EUROPEAN FEDERATION OF HEALTHCARE CLOWN ORGANIZATIONS,@efhco.eu,EFHCO,
,76868,EUROPEAN FEDERATION OF HIGH TECH SMES,@hitech-sme.com,,
,445421,EUROPEAN FEDERATION OF INTELLIGENT ENERGY EFFICIENCY SERVICES,@efiees.eu,EFIEES,
,53567,EUROPEAN FEDERATION OF INVESTMENT FUNDS,@fefsi.org,FEFSI,
,520631,EUROPEAN FEDERATION OF JOURNALISTS,@europeanjournalists.org,,
,183420,EUROPEAN FEDERATION OF JOURNALISTS,@ifj.org,IFJ,
,374864,EUROPEAN FEDERATION OF LOCAL PUBLIC ENERGY DISTRIBUTION COMPANIES,@cedec.com,CEDEC,
,76871,EUROPEAN FEDERATION OF MAGAZINE PUBLISHERS,@faep.org,FAEP,
,76872,EUROPEAN FEDERATION OF MANAGEMENT CONSUL,,,
,76873,EUROPEAN FEDERATION OF MANUFACTURERS,,,
,76855,EUROPEAN FEDERATION OF MEDIUM & MAJOR RETAILERS,@pi.be,,
,278409,EUROPEAN FEDERATION OF NATIONAL ASSOCIATIONS OF WATER SERVICES,@eureau.org,EUREAU,
,67854,EUROPEAN FEDERATION OF NATIONAL INSTITUTIONS FOR LANGUAGE,@nytud.mta.hu,EFNIL,
,197804,EUROPEAN FEDERATION OF NATIONAL ORGANISATIONS WORKING WITH THE HOMELESS,@feantsa.org,FEANTSA,
,525858,EUROPEAN FEDERATION OF NATIONAL ORGANISATIONS WORKING WITH THE HOMELESS,@feantsa.org,,
,76577,EUROPEAN FEDERATION OF NEUROLOGICAL ASSOCIATION,@unifi.it,EFNA,
,371989,EUROPEAN FEDERATION OF NEUROLOGICAL ASSOCIATIONS,@efna.net,EFNA,
,491545,EUROPEAN FEDERATION OF NURSES ASSOCIATIONS,@efn.be,EFN,
,74554,EUROPEAN FEDERATION OF NURSING REGULATORS,,FEPI,
,430248,EUROPEAN FEDERATION OF ORIGIN WINES,@efow.eu,EFOW,
,443439,EUROPEAN FEDERATION OF PERIODONTOLOGY,,,
,283260,EUROPEAN FEDERATION OF PHARMACEUTICAL INDUSTRIES AND ASSOCIATIONS,@efpia.eu,EFPIA,
,200462,EUROPEAN FEDERATION OF PUBLIC SERVICE UNIONS,@epsu.org,EPSU,
,112082,EUROPEAN FEDERATION OF REGIONAL ENERGY AND ENVIRONMENT AGENCIES,@fedarene.org,FEDARENE,
,153395,EUROPEAN FEDERATION OF SALARIED DOCTORS FEMS,,,
,397891,EUROPEAN FEDERATION OF SERVICES TO INDIVIDUALS,@efsi-europe.eu,EFSI,
,55989,EUROPEAN FEDERATION OF THE ASSOCIATIONS OF DIETITIANS,,EFAD,
,446245,EUROPEAN FEDERATION OF THE TRADE IN DRIED FRUIT EDIBLE NUTS PROCESSED FRUIT & VEGETABLES PROCESSED FISHERY PRODUCTS SPICES AND HONEY,@frucom.eu,FRUCOM,
,560011,EUROPEAN FEDERATION OF TOURIST GUIDE ASSOCIATIONS (FEG),,,
,446528,"EUROPEAN FEDERATION OF TRADE UNIONS IN THE FOOD, AGRICULTURE AND TOURISM SECTORS",@effat.org,EFFAT,
,247828,EUROPEAN FEDERATION OF WASTE MANAGEMENT & ENVIRONMENTAL SERVICES,@fead.be,FEAD,
,56921,EUROPEAN FINANCIAL MARKETS FEDERATION,@amte-euro.com,EFMF,
,316788,EUROPEAN FOOD BANK FEDERATION (FEBA),@eurofoodbank.org,FEBA,
,460009,EUROPEAN FOOD BANKS FEDERATION,@eurofoodbank.org,,
,446299,EUROPEAN FOOD BANKS FEDERATION (FEBA),@eurofoodbank.org,,
,76880,EUROPEAN FRANCHISE FEDERATION,@eff-franchise.com,EFF,
,396191,EUROPEAN FURNITURE INDUSTRIES CONFEDERATION,@efic.eu,EFIC,
,56505,EUROPEAN GAMING & AMUSEMENT FEDERATION,@euromat.org,EUROMAT,
,433537,EUROPEAN HOSPITAL AND HEALTHCARE FEDERATION,@hope.be,HOPE,
,566276,EUROPEAN HOSPITAL AND HEALTHCARE FEDERATION (HOPE),@hope.be,,
,358528,EUROPEAN HUMANIST FEDERATION,@laicite.net,,
,76898,EUROPEAN LAMP COMPANIES FEDERATION,@elcfed.org,ELC,
,76903,EUROPEAN MARKETING CONFEDERATION,@emcoffice.net,EMC,
,76907,EUROPEAN METALWORKERS' FEDERATION,@emf-fem.org,EMF,
,278835,EUROPEAN MORTGAGE FEDERATION,@hypo.org,EMF,
,201193,EUROPEAN MORTGAGE FEDERATION - EUROPEAN COVERED BOND COUNCIL,@hypo.org,EMF-ECBC,
,524924,EUROPEAN MORTGAGE FEDERATION - EUROPEAN COVERED BOND COUNCIL,@hypo.org,,
,560506,EUROPEAN NURSERY PRODUCTS CONFEDERATION,@enpc.eu,ENPC,
,431087,EUROPEAN PAIN FEDERATION,@efic.org,,
,430834,EUROPEAN PAIN FEDERATION EFIC,@efic.org,,
,442639,EUROPEAN PANEL FEDERATION,@europanels.org,EPF,
,555485,EUROPEAN PANEL FEDERATION,@europanels.org,,
,99272,EUROPEAN PASSENGERS' FEDERATION,@epf.eu,EPF,
,58185,EUROPEAN PAYMENT INSTITUTIONS FEDERATION,@fleishmaneurope.com,EPIF,
,422337,EUROPEAN PRECIOUS METALS FEDERATION,@epmf.be,EPMF,
,221185,EUROPEAN PRESS FEDERATION,,,
,196499,EUROPEAN PRESS FEDERATION INGOLSTADT,,,
,76937,EUROPEAN PROPERTY FEDERATION,,EPF,
,53434,EUROPEAN PUBLIC RELATIONS CONFEDERATION,@ipr.org.uk,,
,430412,EUROPEAN RECYCLING INDUSTRIES' CONFEDERATION,@euric-aisbl.eu,EURIC,
,58194,EUROPEAN REGION - WORLD CONFEDERATION FOR PHYSICAL THERAPY,,,
,76646,EUROPEAN RENEWABLE ENERGIES FEDERATION,@kuhbier.com,EREF,
,334890,EUROPEAN ROAD FEDERATION,@erf.be,ERF,
,56459,EUROPEAN SAFETY FEDERATION,,ESF,
,179788,EUROPEAN SOLAR THERMAL INDUSTRY FEDERATION,@estif.org,ESTIF,
,383467,EUROPEAN TAX ADVISER FEDERATION,@bdo.fr,ETAF,
,457839,EUROPEAN TAX ADVISER FEDERATION,@etaf.tax,ETAF,
,222448,EUROPEAN TRADE UNION CONFEDERATION,@etuc.org,ETUC,
,564573,EUROPEAN TRADE UNION CONFEDERATION,,,
,488958,EUROPEAN TRANSPORT WORKERS' FEDERATION,@etf-europe.org,ETF,
,531239,EUROPEAN UNION ROAD FEDERATION,@erf.be,ERF,
,76966,EUROPEAN UNION ROAD FEDERATION + INTERNATIONAL ROAD FEDERATION BRUSSELS CENTER,@erf.be,ERF,
,521318,EUROPEAN WOOD-BASED PANELS FEDERATION (EPF),@europanels.org,,
,427572,FEA - EUROPEAN AEROSOL FEDERATION,@aerosol.org,,
,189166,FEANI - EUROPEAN ENGINEERS' FEDERATION,@feani.org,FEANI,
,503033,"FEBAF - ITALIEN BANKING, INSURANCE AND FINANCE FEDERATION",@febaf.it,,
,555618,FECER - FEDERATION EUROPEENNE DES CADRES DE L'ENERGIE ET DE LA RECHERCHE,,,
,459275,FEDCAR - FEDERATION OF DENTAL REGULATORS,,,
,417466,FEDER (SPANISH FEDERATION OF RARE DISEASES),,,
,284130,FEDERATION,@sky.uk,,
,474462,FEDERATION BANCAIRE FRANCAISE,@fbf.fr,FBF,
,369311,FEDERATION BANCAIRE FRANCAISE,@prenax.fr,,
,367569,FÉDÉRATION BANCAIRE FRANÇAISE,@fbf.fr,FBF,
,71804,FÉDÉRATION BELGE DES ENTREPRISES ELECTRIQUES ET GAZIÈRES,@febeg.be,FEBEG,
,53359,FÉDÉRATION BELGE DES VINS ET SPIR,,FBVS,
,510789,FEDERATION BTP VOSGES,,,
,500715,FÉDÉRATION CFTC SANTÉ SOCIAUX,@cftc-santesociaux.fr,,
,269989,FEDERATION DE LA PLASTURGIE ET DES COMPOSITES,@fed-plasturgie.fr,,
,71780,FEDERATION DE L'INDUSTRIE DU VERRE,@vgi-fiv.be,,
,113267,FÉDÉRATION DE PARIS DU PS,,,
,112444,FÉDÉRATION DES AVEUGLES DE FRANCE,@aveuglesdefrance.org,FAF,
,245408,FÉDÉRATION DES CAISSES DESJARDINS DU QUÉBEC,@desjardins.com,,
,223322,FÉDÉRATION DES ÉDITEURS EUROPÉENS,,,
,82051,FEDERATION DES ENTREPRISES DE BELGIQUE,,FEB,
,108569,FÉDÉRATION DES ENTREPRISES DE VEILLE MÉDIA,@kantarmedia.com,FIBEP,
,75015,FEDERATION DES ENTREPRISES DU COMMERCE ET DE LA DISTRIBUTION,@fecd.eu,FCD,
,365395,FÉDÉRATION DES ÉTUDIANTS LIBÉRAUX,@etudiantsliberaux.be,,
,62412,FÉDÉRATION DES EXPERTS COMPTABLES MÉDITERRANÉENS,@fcmweb.org,FCM,
,77037,FÉDÉRATION DES INDUSTRIES CHIMIQUES DE BELGIQUE,@fedichem.be,FEDICHEM,
,130149,FÉDÉRATION DES INDUSTRIES MÉCANIQUES,@fimeca.org,FIM,
,561952,FÉDÉRATION DES INDUSTRIES NAUTIQUES,@fin.fr,FIN,
,561251,FÉDÉRATION DES INDUSTRIES NAUTIQUES,,,
,523908,FÉDÉRATION DES PSAD,,,
,481075,FÉDÉRATION EUROPÉENNE D'ASSOCIATIONS NATIONALES D'INGÉNIEURS,@feani.org,FEANI,
,77018,FEDERATION EUROPEENNE DE FINANCES ET BANQUES ETHIQUES ET ALTERNATIVES,@hefboom.be,FEBEA,
,136552,FEDERATION EUROPEENNE DES CADRES DE L'ENERGIE ET DE LA RECHERCHE,@diplomats.com,FECER,
,77019,FÉDÉRATION EUROPÉENNE DES CONSEILS ET INTERMÉDIAIRES FINANCIERS,,FECIF,
,187619,FÉDÉRATION EUROPÉENNE DES ÉCOLES,@fede.org,,
,72388,FÉDÉRATION EUROPÉENNE DES MÉDECINS SALARIÉS / EUROPEAN FEDERATION OF SALARIED DOCTORS,@fems.net,FEMS,
,77048,FÉDÉRATION EUROPÉENNE DES RETRAITÉS ET DES PERSONNES AGÉES,@etuc.org,FERPA,
,85264,FÉDÉRATION EUROPÉENNE DES VICTIMES DE LA ROUTE,@fevr.org,FEVR,
,175206,FEDERATION FOR EDUCATION IN EUROPE,@fede.education,FEDE,
,73262,FEDERATION FOR HUNTING & CONSERVATION MALTA,@huntinginmalta.org.mt,FKNK,
,163052,FÉDÉRATION FRANÇAISE DE DÉBAT ET D'ELOQUENCE,,FFDE,
,508607,FÉDÉRATION FRANÇAISE DE L’ASSURANCE,@ffa-assurance.fr,,
,513776,FÉDÉRATION FRANÇAISE DE L'ASSURANCE,@ffa-assurance.fr,FFA,
,564503,FÉDÉRATION FRANÇAISE DE L'ASSURANCE,@ffa-asurance.fr,,
,393919,FÉDÉRATION FRANÇAISE D'ÉQUITATION,@ffe.com,FFE,
,560280,FÉDÉRATION FRANÇAISE DES DIABÉTIQUES,,,
,505901,FÉDÉRATION FRANÇAISE DES TÉLÉCOMS,@fftelecoms.org,,
,447360,FEDERATION FRANÇAISE DU COMMERCE ET DE LA DISTRIBUTION,@fcd.fr,FCD,
,157169,FEDERATION HUMANISTE EUROPEENNE,@laicite.net,EHF,
,271900,FÉDÉRATION HUMANISTE EUROPÉENNE,@laicite.net,,
,169910,FÉDÉRATION INTERNATIONALE DE LA DIASPORA AFAR,,FIDA,
,79320,FÉDÉRATION INTERNATIONALE DE L'AUTOMOBILE,@fiabrussels.com,FIA,
,444136,FEDERATION INTERNATIONALE DE MOTOCYCLISME,@fim.ch,FIM,
,57742,FÉDÉRATION INTERNATIONALE DE MOTOCYCLISME,@fim.ch,FIM,
,109169,FEDERATION INTERNATIONALE DES BUREAUX D’EXTRAITS DE PRESSE,@observer.at,,
,77057,FÉDÉRATION INTERNATIONALE DES EXPERTS EN AUTOMOBILES,@fiea.org,FIEA,
,326112,FÉDÉRATION INTERNATIONALE DES PODOLOGUES - INTERNATIONAL FEDERATION FOR PODIATRISTS,@fip-ifp.org,FIP-IFP,
,381954,FÉDÉRATION NATIONALE D'AGRICULTURE BIOLOGIQUE,@fnab.org,FNAB,
,77078,FEDERATION NATIONALE DE L'AVIATION MARCHANDE,@fnam.fr,FNAM,
,374053,FÉDÉRATION NATIONALE DES SYNDICATS D'EXPLOITANTS AGRICOLES,@fnsea.fr,FNSEA,
,69867,FÉDÉRATION NATIONALE DES TRAVAUX PUBLICS,@fntp.fr,FNTP,
,72226,FÉDÉRATION NATIONALE DES UNIONS DE CLASSES MOYENNES ASBL,@ucm.be,UCM,
,60769,FÉDÉRATION NATIONALE DU CRÉDIT AGRICOLE,@ca-fnca.fr,FNCA,
,330961,FEDERATION OF ADVERTISERS,@owm.de,,
,415635,FEDERATION OF AUSTRIAN INDUSTRIES,@iv.at,,
,202692,FEDERATION OF AUSTRIAN INDUSTRIES,@iv-net.at,,
,529060,FEDERATION OF AUSTRIAN INDUSTRIES - VIENNA,@iv.at,,
,440059,FEDERATION OF AUSTRIAN INDUSTRY,@iv.at,,
,188067,FEDERATION OF BELGIAN EMPLOYERS,@vbo-feb.be,VBO,
,71582,FEDERATION OF BELGIAN ENTERPRISES,,,
,560935,FEDERATION OF CAMPING AND CARAVANING IN THE CZECH REPUBLIC,,,
,184080,FEDERATION OF ENTERPRISES IN BELGIUM,@vbo-feb.be,,
,123705,FEDERATION OF ENTREPRISES IN BELGIUM - EUROPEAN BUSINESS SUMMIT,@ebsummit.eu,,
,494017,FEDERATION OF EUROPEAN ACADEMIES OF MEDICINE,@feam.eu,FEAM,
,553848,FEDERATION OF EUROPEAN ACADEMIES OF MEDICINE,@feam.eu,,
,227094,FEDERATION OF EUROPEAN ACADEMIES OF MEDICINE,@feam.eu.com,FEAM,
,184810,FEDERATION OF EUROPEAN ACCOUNTANTS,@fee.be,FEE,
,56902,FEDERATION OF EUROPEAN AND INTERNATIONAL ASSOCIATIONS ESTABLISHED IN BELGIUM,@faib.org,FAIB,
,361194,FEDERATION OF EUROPEAN AQUACULTURE PRODUCERS,@feap.info,FEAP,
,177939,FEDERATION OF EUROPEAN DIRECT AND INTERACTIVE MARKETING,@fedma.org,FEDMA,
,292269,FEDERATION OF EUROPEAN DIRECT SELLING ASSOCIATIONS,@seldia.eu,SELDIA,
,525408,FEDERATION OF EUROPEAN DIRECT SELLING ASSOCIATIONS,@seldia.eu,,
,77029,FEDERATION OF EUROPEAN EMPLOYERS,@fedee.com,FEDEE,
,365640,FEDERATION OF EUROPEAN FILM DIRECTORS,@filmdirectors.eu,FERA,
,77030,FEDERATION OF EUROPEAN MOTORCYCLISTS ASSOCIATION,,,
,405173,FEDERATION OF EUROPEAN MOTORCYCLISTS' ASSOCIATIONS,@femamotorcycling.eu,FEMA,
,191048,FEDERATION OF EUROPEAN MOTORCYCLISTS' ASSOCIATIONS,@fema-online.eu,FEMA,
,275764,FEDERATION OF EUROPEAN NEUROSCIENCE SOCIETIES,@fens.org,FENS,
,495398,FEDERATION OF EUROPEAN PRODUCERS OF ABRASIVES,@fepa-abrasives.org,FEPA,
,484993,FEDERATION OF EUROPEAN PUBLISHERS,@fep-fee.eu,,
,388377,FEDERATION OF EUROPEAN PUBLISHERS EUROPE,@fep-fee.eu,,
,551714,FEDERATION OF EUROPEAN RISK MANAGEMENT ASSOCIATIONS,@ferma.eu,FERMA,
,415041,FEDERATION OF EUROPEAN SECURITIES EXCHANGES,@fese.eu,FESE,
,291309,FEDERATION OF EUROPEAN SECURITIES EXCHANGES BRUSSELS,@fese.eu,FESE,
,370632,FEDERATION OF EUROPEAN SOCIAL EMPLOYERS,@socialemployers.eu,,
,442961,FEDERATION OF EUROPEAN TANK STORAGE ASSOCIATIONS,@fetsa.eu,FETSA,
,252198,FEDERATION OF FINNISH ENTERPRISES,@skal.fi,,
,443307,FEDERATION OF FINNISH ENTERPRISES,@yrittajat.fi,,
,487985,FEDERATION OF FINNISH ENTERPRISES/ SUOMEN YRITTÄJÄT,,,
,493740,FEDERATION OF FINNISH ENTERPRISES/ YRITTÄJÄT,@yrittajat.fi,,
,196936,FEDERATION OF FINNISH FINANCIAL SERVICES,@finanssiala.fi,,
,189778,FEDERATION OF FINNISH FINANCIAL SERVICES,@fkl.fi,FFI,
,57489,FEDERATION OF GERMAN CHEMICAL EMPLOYERS ASSOCIATIONS,@bavc.de,,
,444107,FEDERATION OF GERMAN CONSUMER ORGANISATIONS,@vzbv.de,VZBV,
,444611,FEDERATION OF GERMAN CONSUMER ORGANISATIONS (VZBV),@vzbv.de,,
,200502,FEDERATION OF GERMAN INDUSTRIES,@bdi.eu,BDI,
,421047,FEDERATION OF GERMAN INDUSTRIES (BDI),@bdi.eu,,
,336180,FEDERATION OF GERMAN WASTE WATER AND RAW MATERIAL MANAGEMENT INDUSTRY,@bde.de,BDE,
,474981,"FEDERATION OF GERMAN WHOLESALE, FOREIGN TRADE AND SERVICES",@bga.de,BGA,
,198931,"FEDERATION OF GREEN YOUTH AND STUDENTS, FINLAND",,,
,73977,FEDERATION OF INDIAN CHAMBERS OF COMMERCE AND INDUSTRY,@ficci.com,FICCI,
,384258,FEDERATION OF MASTER BUILDERS,@fmb.org.uk,FMB,
,382243,FEDERATION OF NATIONAL ASSOCIATIONS OF SHIP BROKERS AND AGENTS,@agepor.pt,FONASBA,
,135547,FEDERATION OF NORWEGIAN AGRICULTURAL COOPERATIVES,@landbruk.no,,
,66273,FEDERATION OF NORWEGIAN INDUSTRIES,,,
,71915,FEDERATION OF PARTNERS FOR WORK FEDERGON,,,
,71725,FEDERATION OF PRIVATE ENTERPRISES,@foretagarna.se,,
,72232,FEDERATION OF PRIVATE ENTERPRISES FORET,@foretagarna.se,,
,159912,FEDERATION OF REGIONAL ACTORS IN EUROPE,,FEDRA,
,163409,FEDERATION OF SCREENWRITERS IN EUROPE,@script.ie,FSE,
,225203,FEDERATION OF SMALL BUSINESSES,@fsb.org.uk,FSB,
,472785,FEDERATION OF SOCIAL INSURANCES,@sozialversicherung.at,,
,404094,FEDERATION OF SWEDISH FARMERS,@lrf.se,LRF,
,68146,FEDERATION OF SWEDISH FARMERS - LANTBRUKARNAS RIKSFÖRBUND,@lrf.se,LRF,
,425888,FEDERATION OF SWEDISH FARMERS - LRF,@lrf.se,,
,184914,FEDERATION OF THE DUTCH PENSION FUNDS,@pensioenfederatie.eu,,
,65588,FEDERATION OF THE DUTCH PENSION FUNDS,@pensioenfederatie.nl,,
,462130,FEDERATION OF THE EUROPEAN SPORTING GOODS INDUSTRY,@fesi-sport.org,FESI,
,472840,FEDERATION OF THE EUROPEAN SPORTING GOODS INDUSTRY,@fesi-sport.org,,
,430456,FEDERATION OF THE SWEDISH FARMERS,@lrf.se,,
,560094,FEDERATION OF TOURIST GUIDE ASSOCIATIONS (KRAKOW),,,
,151588,FEDERATION OF VETERINARIANS OF EUROPE,@fve.org,FVE,
,142038,FEDERATION OF YOUNG EUROPEAN GREENS,@fyeg.org,FYEG,
,178366,FÉDÉRATION PÉTROLIÈRE BELGE,@petrolfed.be,,
,74594,FEDERATION PRO EUROPA CHRISTIANA,,FPEC,
,510318,FÉDÉRATION WALLONIE BRUXELLES,,,
,172099,FÉDÉRATION WALLONIE-BRUXELLES,,,
,205750,FÉDÉRATION WALLONIE-BRUXELLES (I.E.J.),,IEJ,
,207004,FÉDÉRATION WALLONNE DE L'AGRICULTURE,@fwa.be,FWA,
,83088,FEDERATION YOUTH CLUBS OF ARMENIA,,,
,521298,FEDIAF - EUROPEAN PET FOOD INDUSTRY FEDERATION,@fediaf.org,,
,175221,FEDICINE (FEDERATION OF SPANISH FILM DISTRIBUTORS),@fedicine.com,,
,191250,FEDIL BUSINESS FEDERATION LUXEMBOURG,@fedil.lu,FEDIL,
,321599,FERA - FEDERATION OF EUROPEAN FILM DIRECTORS,@filmdirectors.eu,,
,441386,FERA/ FEDERATION OF EUROPEAN FILM AND TV DIRECTORS,@filmdirectors.eu,,
,524824,FERMA: FEDERATION OF EUROPEAN RISK MANAGEMENT ASSOCIATIONS,,,
,552372,FEVE - EU CONTAINER GLASS FEDERATION,@feve.org,,
,473506,FEVE - THE EUROPEAN CONTAINER GLASS FEDERATION,@feve.org,,
,390267,FEVE : THE EUROPEAN CONTAINER GLASS FEDERATION,@feve.org,,
,382383,FIA INTERNATIONAL AUTOMOBILE FEDERATION,@fia.com,,
,192904,FIDA - FÉDÉRATION INTERNATIONALE DE LA DIASPORA AFAR,,FIDA,
,397638,FIDH (INTERNATIONAL FEDERATION FOR HUMAN RIGHTS),@fidh.org,,
,372873,FIEC (EUROPEAN CONSTRUCTION INDUSTRY FEDERATION),@fiec.eu,,
,446733,FINNISH COMMERCE FEDERATION,@kauppa.fi,,
,202270,FINNISH FEDERATION OF BREWERIES,,,
,101956,FINNISH FEDERATION OF UNIVERSITY WOMEN,@akateemisetnaiset.fi,FFUW,
,440849,FINNISH FOOD AND DRINK INDUSTRIES' FEDERATION,@etl.fi,,
,382845,FINNISH FOOD AND DRINK INDUSTRIES' FEDERATION (ETL),@etl.fi,,
,510813,FINNISH FOREST INDUSTRIES FEDERATION,@forestindustries.fi,,
,509354,FINNISH FOREST INDUSTRY FEDERATION,@metsateollisuus.fi,,
,250027,FOOD AND DRINK FEDERATION,@fdf.org.uk,FDF,
,528189,FPPG - THE OIL AND GAS EMPLOYERS ` FEDERATION,@fppg.ro,,
,503400,FRENCH BANKING FEDERATION,@fbf.fr,FBF,
,525181,FRENCH BANKING FEDERATION,@fbf.fr,,
,170958,FRENCH FEDERATION OF INSURANCE COMPANIES,@ffsa.fr,FFSA,
,492413,FRENCH INSURANCE FEDERATION,@ffa-assurance.fr,FFA,
,401952,FRENCH INSURANCE FEDERATION (FFA),@ffa-assurance.fr,FFA-ASSURANCE,
,525182,FRENCH INSURANCE FEDERATION (FFA),@ffa-assurance.fr,,
,164415,FRENCH RETAIL FEDERATION,@fcd.fr,,
,196533,FRENCH RETAIL FEDERATION,@fcd.fr,FCD,
,274094,FRONTEX AND INTERNATIONALE AND EUROPEAN PRESS FEDERATION,,,
,382269,"FRUCOM - EUROPEAN FEDERATION OF THE TRADE IN DRIED FRUIT, EDIBLE NUTS, PROCESSED FRUIT & VEGETABLES, PROCESSED FISHERY PRODUCTS, SPICES AND HONEY",@frucom.eu,,
,440018,GERMAN ADVERTISING FEDERATION,@zaw.de,ZAW,
,360306,GERMAN ENGINEERING FEDERATION,@vdma.org,VDMA,
,380273,GERMAN FEDERATION OF BLIND AND PARTIALLY SIGHTED PEOPLE,@dbsv.org,,
,71733,GERMAN FEDERATION OF CHEMICAL EMPLOYERS' ASSOCIATION,,,
,359350,GERMAN HOSPITAL FEDERATION,@dkgev.de,DKG,
,477046,GERMAN PROPERTY FEDERATION,@zia-deutschland.de,,
,563870,GERMAN PROPERTY FEDERATION ZIA,,,
,394003,GERMAN RENEWABLE ENERGY FEDERATION,@bee-ev.de,,
,290536,GERMAN RENEWABLE ENERGY FEDERATION,@biogas.org,BEE,
,226772,GERMAN RETAIL FEDERATION,@hde.de,HDE,
,291751,GERMAN RETAIL FEDERATION - HDE,@hde.de,HDE,
,290198,GERMAN STEEL FEDERATION,@stahl-zentrum.de,,
,229078,GERMAN STEEL FEDERATION,@wvstahl.de,,
,497499,GERMAN TRADE UNION CONFEDERATION,@dgb.de,,
,133020,GERMAN TRADE UNION CONFEDERATION,@dgb-europa.eu,DGB,
,504986,GLOBAL SELF CARE FEDERATION,,,
,457892,GLOBAL SELF-CARE FEDERATION,@selfcarefederation.org,,
,500759,GROUPEMENT DES PARKINSONIENS DE L'AIN AFFILIÉ À LA FÉDÉRATION FRANÇAISE DES GROUPEMENTS DE PARKINSONIENS,,,
,445118,GSV - BELGIAN STEEL FEDERATION,@steelbel.be,,
,378178,HABERDASHERS' ASKE'S FEDERATION TRUST,@fredsharrock.co.uk,,
,402482,HARRIS FEDERATION,,,
,71646,HELLENIC FEDERATION OF ENTERPRISES,@sev.org.gr,SEV,
,475290,HOPE - EUROPEAN HOSPITAL AND HEALTHCARE FEDERATION,@hope.be,,
,379469,HOPE EUROPEAN HOSPITAL AND HEALTHCARE FEDERATION,@europeancollege.it,,
,363362,IEJ FÉDÉRATION WALLONIE-BRUXELLES,,IEJ,
,438130,INTERACTIVE SOFTWARE FEDERATION OF EUROPE,@isfe.eu,ISFE,
,136006,INTERACTIVE SOFTWARE FEDERATION OF EUROPE,@macgreevy.com,ISFE,
,382328,INTERGRAF EUROPEAN FEDERATION FOR PRINT AND DIGITAL COMMUNICATION,@intergraf.eu,,
,475245,INTERNATIONAL BANKING FEDERATION,@ibfed.org,,
,110189,INTERNATIONAL CONFEDERATION OF CHILDHOOD CANCER PARENT ORGANIZATIONS,@foerderkreis-bonn.de,,
,440910,INTERNATIONAL CONFEDERATION OF EUROPEAN BEET GROWERS,@cibe-europe.eu,,
,486777,INTERNATIONAL CONFEDERATION OF EUROPEAN BEET GROWERS,@cibe-europe.eu,CIBE,
,77303,INTERNATIONAL CONFEDERATION OF FREE TRADE UNION,@icftu.org,ICFTU,
,60976,INTERNATIONAL CONFEDERATION OF MUSIC PUBLISHERS,@bredband.net,ICMP,
,176986,INTERNATIONAL CONFEDERATION OF MUSIC PUBLISHERS,@icmp-ciem.org,ICMP,
,323085,INTERNATIONAL CONFEDERATION OF SOCIETIES OF AUTHORS AND COMPOSERS,@cisac.org,CISAC,
,77397,INTERNATIONAL DAIRY FEDERATION,@fil-idf.org,IDF,
,316056,INTERNATIONAL DIABETES FEDERATION,@idf.org,IDF,
,480350,INTERNATIONAL DIABETES FEDERATION,@idf-europe.org,,
,279378,INTERNATIONAL DIABETES FEDERATION EUROPE,@idf-europe.org,IDF,
,315474,INTERNATIONAL DIABETES FEDERATION EUROPE,@idf-europe.org,,
,382348,INTERNATIONAL DIABETES FEDERATION EUROPEAN REGION,@idf-europe.org,IDF,
,118538,INTERNATIONAL DIABETES FEDERATION EUROPEAN REGION,@wxs.nl,IDF Europe,
,171128,INTERNATIONAL FEDERATION FOR HUMAN RIGHTS,@fidh.org,FIDH,
,382853,INTERNATIONAL FEDERATION FOR PODIATRISTS,@fip-ifp.org,,
,82264,INTERNATIONAL FEDERATION FOR SPINA BIFIDA AND HYDROCEPHALUS,@ifglobal.org,IF,
,315558,INTERNATIONAL FEDERATION OF ACCOUNTANTS - US,@ifac.org,IFAC,
,108485,INTERNATIONAL FEDERATION OF ACTORS,@fia-actors.com,FIA,
,444279,INTERNATIONAL FEDERATION OF ANTHROPOSOPHIC MEDICAL ASSOCIATIONS,@ivaa.info,IVAA,
,494635,INTERNATIONAL FEDERATION OF AUTOMOTIVE AFTERMARKET DISTRIBUTORS,@figiefa.eu,FIGIEFA,
,271194,INTERNATIONAL FEDERATION OF CATHOLIC UNIVERSITIES,,,
,74630,INTERNATIONAL FEDERATION OF DENTURISTS,@mymts.net,IFD,
,273171,INTERNATIONAL FEDERATION OF ENGINEERING EDUCATION SOCIETIES,@cti-online.net,IFEES,
,109616,INTERNATIONAL FEDERATION OF FILM DISTRIBUTORS' ASSOCIATIONS,@fiad.eu,FIAD,
,222036,INTERNATIONAL FEDERATION OF FILM PRODUCERS ASSOCIATIONS,@fiapf.org,FIAPF,
,149925,INTERNATIONAL FEDERATION OF INDUSTRIAL ENERGY CONSUMERS,@ifieceurope.org,IFIEC EUROPE,
,184677,INTERNATIONAL FEDERATION OF INSPECTION AGENCIES,@ifia-federation.org,IFIA,
,77401,INTERNATIONAL FEDERATION OF JOURNALIST,@ifj.org,IFJ,
,177299,INTERNATIONAL FEDERATION OF MEDICAL STUDENTS ASSOCIATIONS,,,
,74779,INTERNATIONAL FEDERATION OF NETBALL ASSOCIATIONS,@netball.org,,
,68711,INTERNATIONAL FEDERATION OF ORGANIC AGRICULTURE MOVEMENTS,@ifoam-eu.org,IFOAM,
,326121,INTERNATIONAL FEDERATION OF PHARMACEUTICAL MANUFACTURERS & ASSOCIATIONS,@ifpma.org,IFPMA,
,75959,INTERNATIONAL FEDERATION OF PRIVATE WATER OPERATORS,@aquafed.org,AQUAFED,
,420434,INTERNATIONAL FEDERATION OF RED CROSS AND RED CRESCENT SOCIETIES,@ifrc.org,,
,70673,INTERNATIONAL FEDERATION OF RED CROSS CRESCENT SOCIETIES,@ifrc.org,IFRC,
,444855,INTERNATIONAL FEDERATION OF REPRODUCTION RIGHTS ORGANISATIONS,@ifrro.org,IFRRO,
,493823,INTERNATIONAL FEDERATION OF REPRODUCTION RIGHTS ORGANISATIONS,@ifrro.org,,
,418904,INTERNATIONAL FEDERATION PHONOGRAPHIC INDUSTRY,@ifpi.org,IFPI,
,386271,INTERNATIONAL FEDERATION PHONOGRAPHIC INDUSTRY EUROPE,@ifpi.org,IFPI,
,517851,INTERNATIONAL FUR FEDERATION,@iftf.com,,
,75542,INTERNATIONAL FUR TRADE FEDERATION,@iftf.com,IFTF,
,517657,INTERNATIONAL PHARMACEUTICAL FEDERATION,,,
,211965,INTERNATIONAL PLANNED PARENTHOOD FEDERATION,@ippfen.org,IPPF,
,324259,INTERNATIONAL SCHOOL SPORT FEDERATION,@isfsports.org,ISFSC,
,360048,INTERNATIONAL SCHOOL SPORT FEDERATION,@isfsports.org,,
,211937,INTERNATIONAL TRADE UNION CONFEDERATION,@ituc-csi.org,ITUC,
,529777,INTERNATIONAL TRANSPORT WORKERS' FEDERATION,@itf.org.uk,ITF,
,163397,INTERNATIONAL VIDEO FEDERATION,@ivf-video.org,IVF,
,225911,INTERNATIONALE AND EUROPEAN PRESS FEDERATION,,,
,158545,INTERNATIONALE AND EUROPEAN PRESS FEDERATION INGOLSTADT,,,
,481234,IRISH HOTELS FEDERATION,,,
,62274,IS CONFEDERATION,,TURK,
,525029,"ITALIAN BANKING, INSURANCE AND FINANCE FEDERATION",@febaf.it,FEBAF,
,528149,"ITALIAN BANKING, INSURANCE AND FINANCE FEDERATION (FEBAF)",@febaf.it,,
,446137,IV - FEDERATION OF AUSTRIAN INDUSTRIES,@iv.at,,
,273210,JAPAN BUSINESS FEDERATION,,,
,496003,LITHUANIAN CONFEDERATION OF INDUSTRIALISTS,@lpk.lt,,
,71944,LITHUANIAN CONFEDERATION OF INDUSTRIALISTS,,LPK,
,511558,LIVSMEDELSFÖRETAGEN - THE SWEDISH FOOD FEDERATION,@li.se,,
,511073,LRF - FEDERATION OF SWEDISH FARMERS,@lrf.se,,
,460424,MEDEF (FRENCH BUSINESS CONFEDERATION),@medef.fr,,
,174525,MINISTRY OF ENERGY OF THE RUSSIAN FEDERATION,@minenergo.gov.ru,,
,137937,NAITIONAL CONSUMER FEDERATION,,,
,333936,NATIONAL FEDERATION OF GROUP WATER SCHEMES,@nfgws.ie,NFGWS,
,249494,NATIONAL FEDERATION OF SOCIAL EDUCATORS DK,@sl.dk,,
,221118,NATIONAL FEDERATION OF WOMEN'S INSTITUTES,,,
,281763,NATIONAL HOUSING FEDERATION,@housing.org.uk,,
,474898,NATIONAL HOUSING FEDERATION,@housing.org.uk,NHF,
,447021,NATIONAL MILK PRODUCERS FEDERATION,@nmpf.org,NMPF,
,517040,NATIONAL MILK PRODUCERS FEDERATION,,,
,418624,NATIONAL OLYMPIC COMMITTEE & SPORT CONFEDERATION OF DENMARK,@dif.dk,,
,174836,NATIONAL RETAIL FEDERATION,@nrf.com,NRF,
,138930,NAVES VZW THE NATIONAL FEDERATION OF ASSOCIATIONS OF SHIP’S AGENTS AND BROKERS OF BELGIUM NPO,@naves.be,,
,139603,NETHERLANDS FEDERATION OF UNIVERSITY MEDICAL CENTRES,@nfu.nl,NFU,
,405044,NHO (CONFEDERATION OF NORWEGIAN ENTERPRISE),@nho.no,,
,481069,NHO BRUSSEL (CONFEDERATION OF NORWEGIAN ENTERPRISE),@nho.no,,
,531340,NHO BRUSSELS (CONFEDERATION OF NORWEGIAN ENTERPRISE),@nho.no,,
,553691,NHS CONFEDERATION,@nhsconfed.org,,
,443004,NORWEGIAN FEDERATION OF AGRICULTURAL COOPERATIONS,@landbruk.no,,
,395506,OVERSEAS FEDERATION OF TEACHERS,,,
,217123,PARLEMENT DE LA FÉDÉRATION WALLONIE-BRUXELLES,,,
,527542,PERMANENT MISSION OF THE RUSSIAN FEDERATION TI THE EU,,,
,206032,PERMANENT MISSION OF THE RUSSIAN FEDERATION TO NATO,,,
,377364,PERMANENT MISSION OF THE RUSSIAN FEDERATION TO THE EU,@atom-energy.ru,,
,104330,PERMANENT MISSION OF THE RUSSIAN FEDERATION TO THE EU,@mid.ru,,
,445447,PERMANENT MISSION OF THE RUSSIAN FEDERATION TO THE EUROPEAN UNION,,,
,506314,PERMANENT REPRESENTATION OF THE STATE OF NORTH-RHINE WESTPHALIA TO THE GERMAN FEDERATION,@lv-bund.nrw.de,,
,222875,POLISH CONFEDERATION LEWIATAN,@konfederacjalewiatan.pl,,
,554745,"POLISH CONFEDERATION LEWIATAN, EESC",@konfederacjalewiatan.pl,,
,70522,POLISH CONFEDERATION OF LEWIATAN,@pkpplewiatan.pl,PKPP LEWIATAN,
,77915,POLISH CONFEDERATION OF PRIVATE EMPLOYERS LEWIATAN,@prywatni.pl,PKPP,
,165838,PORTUGUESE FARMERS CONFEDERATION,@cap.pt,CAP,
,275167,"PRESS OFFICER EUROPEAN COMMISION , FRONTEX , FOR THE INTERNATIONALE AND EUROPEAN PRESS FEDERATION",,,
,367965,RECRUITMENT AND EMPLOYMENT CONFEDERATION,@rec.uk.com,REC,
,71858,SA CONFEDERATION OF ICELANDIC EMPLOYERS,@sa.is,,
,363417,SCIENTIFIC FEDERATION,,,
,554635,SEV HELLENIC FEDERATION OF ENTERPRISES,@sev.org.gr,,
,482918,SPANISH BUSINESS CHEMICAL FEDERATION FEIQUE,@feique.org,,
,180511,SPANISH CHEMICAL BUSINESS FEDERATION,@feique.org,,
,479045,SPANISH CONFEDERATION OF EMPLOYERS,@ceoe.es,,
,248965,SPANISH CONFEDERATION OF EMPLOYERS AND INDUSTRIES,@ceoe.es,CEOE,
,559920,SPANISH FEDERATION OF TOURISM JOURNALISTS,,,
,316727,SPANISH TROTTING FEDERATION,@fect.es,,
,482818,SUFFOLK GP FEDERATION,,,
,558569,SVENSKT NÄRINGSLIV - CONFEDERATION OF SWEDISH ENTERPRISE,@svensktnaringsliv.se,,
,474796,SWEDISH CONFEDERATION OF ENTERPRISE,@svensktnaringsliv.se,,
,478487,SWEDISH CONFEDERATION OF TRANSPORT ENTERPRISES,@tellus21.se,,
,507980,SWEDISH FOREST INDUSTRIES FEDERATION,@forestindustries.se,,
,334119,SWEDISH FOREST INDUSTRIES FEDERATION,@skogsindustrierna.se,,
,292493,SWEDISH RETAIL FEDERATION,@svenskhandel.se,,
,192268,SWEDISH TRADE FEDERATION,@svenskhandel.se,,
,365445,SWEDISH TRADE UNION CONFEDERATION,@lo.se,LO,
,521909,SWISS CONFEDERATION,@bk.admin.ch,,
,444807,SWISS CONFEDERATION,@eda.admin.ch,,
,515133,TERRE DES HOMMES INTERNATIONAL FEDERATION,@terredeshommes.org,,
,438841,THALASSAEMIA INTERNATIONAL FEDERATION,@thalassaemia.org.cy,TIF,
,528224,THE CONFEDERATION OF EUROPEAN PAPER INDUSTRIES,@cepi.org,CEPI,
,290778,THE CONFEDERATION OF EUROPEAN PEST MANAGEMENT ASSOCIATIONS,@cepa-europe.org,CEPA,
,563136,THE CONFEDERATION OF FINNISH CONSTRUCTION INDUSTRIES,,,
,562898,THE CONFEDERATION OF INDUSTRY OF THE CZECH REPUBLIC,,,
,476612,THE CONFEDERATION OF NETHERLANDS INDUSTRY AND EMPLOYERS,@vnoncw-mkb.nl,,
,320614,THE CONFEDERATION OF NORWEGIAN ENTERPRISE,,NHO,
,287087,THE CONFEDERATION OF SWEDISH ENTERPRICE,@swedishenterprice.se,,
,529685,THE CONFEDERATION OF SWEDISH ENTERPRISE,@svensktnaringsliv.se,,
,484377,THE EUROPEAN CONTAINER GLASS FEDERATION - FEVE,@feve.org,,
,205007,THE EUROPEAN FEDERATION OF ASSOCIATIONS OF FAMILIES OF PEOPLE WITH MENTAL ILLNESS,@eufami.org,EUFAMI,
,396979,THE EUROPEAN FEDERATION OF CORRUGATED BOARD MANUFACTURERS,@fefco.org,,
,444885,THE EUROPEAN FEDERATION OF INLAND PORTS,@inlandports.be,EFIP,
,444243,THE EUROPEAN GARDEN MACHINERY INDUSTRY FEDERATION,@egmf.org,EGMF,
,184606,THE FEDERATION OF EUROPEAN MOVERS ASSOCIATIONS,@fedemac.eu,FEDEMAC,
,168510,THE FEDERATION OF FINNISH TECHNOLOGY INDUSTRIES,@techind.fi,FFTI,
,67321,THE FEDERATION OF THAI INDUSTRIES,@bayer.com,,
,528323,THE FINNISH FOREST INDUSTRIES FEDERATION,@forestindustries.fi,,
,439563,THE INTERNATIONAL FEDERATION OF FILM DISTRIBUTORS' ASSOCIATIONS,@fiad.eu,,
,557777,THE NATIONAL HOUSING FEDERATION,@housing.org.uk,,
,70547,THE NHS CONFEDERATION,@nhsconfed.org,,
,74197,THE NORWEGIAN FOREST OWNERS FEDERATION,@skog.no,,
,529808,THE POLISH CONFEDERATION LEWIATAN,@konfederacjalewiatan.pl,,
,68508,THE RUSSIAN FEDERATION,@mid.ru,,
,196817,THE SCOTTISH FEDERATION OF HOUSING ASSOCIATIONS LIMITED,@sfha.co.uk,SFHA,
,287500,THE SWEDISH CONFEDERATION OF SWEDISH ENTERPRISE,@svensktnaringsliv.se,,
,566014,THE SWEDISH CONFEDERATION OF TRANSPORT ENTERPRISES,@transportforetagen.se,,
,369721,THE SWEDISH CONSTRUCTION FEDERATION,@sverigesbyggindustrier.se,,
,512456,THE SWEDISH FEDERATION OF BUSINESS OWNERS,@foretagarna.se,,
,460029,THE SWEDISH FOOD FEDERATION,@li.se,,
,159721,TIMBER TRADE FEDERATION,@ttf.co.uk,TTF,
,60426,TRADE MARKS PATENTS AND DESIGNS FEDERATION,@tmpdf.org.uk,TMPDF,
,71841,TURKISH CONFEDERATION OF EMPLOYER ASSOCIATION,@tisk.org.tr,TISK,
,481431,TURKONFED-TURKISH ENTERPRISE AND BUSINESS CONFEDERATION,@turkonfed.org,,
,140605,UKRAINIAN DIABETIC FEDERATION,,,
,137303,UNITEE - NEW EUROPEAN BUSINESS CONFEDERATION,@unitee.eu,UNITEE,
,69402,US MEAT EXPORT FEDERATION,,,
,201972,USA RICE FEDERATION,,,
,551431,VERBRAUCHERZENTRALE BUNDESVERBAND (FEDERATION OF GERMAN CONSUMER ORGANISATIONS),@vzbv.de,VZBV,
,506408,VIRKE - THE FEDERATION OF NORWEGIAN ENTERPRISES,@virke.no,,
,186384,WALLONIA AGRICULTURE FEDERATION,@fwa.be,,
,273679,WORLD EMPLOYMENT CONFEDERATION,@wecglobal.org,,
,399622,WORLD EMPLOYMENT CONFEDERATION-EUROPE,@wecglobal.org,,
,559825,WORLD FEDERATION FOR ANIMALS,@wfa.org,WFA,
,110293,WORLD FEDERATION INCONTINENT PATIENTS & NETHERLANDS INTERSTITIAL CYSTITIS,,,
,486462,WORLD FEDERATION OF ADVERTISERS,@wfanet.org,,
,320080,WORLD FEDERATION OF ADVERTISERS BRUSSELS,@wfanet.org,,
,253148,WORLD FEDERATION OF EXCHANGES,@world-exchanges.org,WFE,
,157051,WORLD FEDERATION OF INVESTORS,@wfic.org,WFIC,
,293271,WORLD FEDERATION OF SCIENCE JOURNALISTS,@wfsj.org,WFSJ,
,313455,WORLD FEDERATION OF SCIENCE JOURNALISTS ( WFSJ.ORG ),@wfsj.org,WFSJ,
,554137,WORLD HEART FEDERATION,@worldheart.org,,
,292911,WORLD OBESITY FEDERATION,@worldobesity.org,,
,483071,WVSTAHL GERMAN STEEL FEDERATION,@wvstahl.de,,
,480371,YRITTÄJÄT/FEDERATION OF FINNISH ENTERPRISES,@yrittajat.fi,,
,291768,ZAW (GERMAN ADVERTISING FEDERATION),@zaw.de,ZAW,
,526538,ZDH- CONFEDERATION OF GERMAN SKILLED CRAFTS AND SMALL BUSINESSES,@zdh.de,,
,496681,ZDH GERMAN CONFEDERATION OF SKILLED CRAFTS AND SMALL BUSINESSES,@zdh.de,,
,523580,ZIA GERMAN PROPERTY FEDERATION,@zia-deutschland.de,,
